City_ID,City,Country,Date,Lat,Lng,Max Temp,Humidity,Cloudiness,Wind Speed
0,San Policarpo,PH,2022-01-25 19:15:12,12.1791,125.5072,77.04,93,100,13.49
1,Guadalajara,MX,2022-01-25 19:12:36,20.6667,-103.3333,71.37,45,40,1.99
2,Cape Town,ZA,2022-01-25 19:10:37,-33.9258,18.4232,68.34,70,0,8.01
3,Rikitea,PF,2022-01-25 19:15:12,-23.1203,-134.9692,78.58,73,100,19.1
4,Carnarvon,AU,2022-01-25 19:15:13,-24.8667,113.6333,75.27,83,40,17.27
5,Gillette,US,2022-01-25 19:15:13,44.2911,-105.5022,23.05,85,100,8.99
6,Punta Arenas,CL,2022-01-25 19:11:24,-53.15,-70.9167,51.82,57,40,26.46
7,Egvekinot,RU,2022-01-25 19:15:13,66.3167,-179.1667,-29.72,84,88,2.01
8,Khatanga,RU,2022-01-25 19:15:14,71.9667,102.5,5.9,85,100,17.47
9,Kapaa,US,2022-01-25 19:15:14,22.0752,-159.319,75.52,83,0,9.22
10,Bela Palanka,RS,2022-01-25 19:15:14,43.2183,22.3111,19.08,94,34,1.21
11,Hermanus,ZA,2022-01-25 19:15:14,-34.4187,19.2345,67.8,73,66,14.94
12,Provideniya,RU,2022-01-25 19:15:15,64.3833,-173.3,-12.5,89,29,5.86
13,Gornopravdinsk,RU,2022-01-25 19:15:15,60.05,69.9,-6.81,100,100,3.47
14,Souillac,MU,2022-01-25 19:15:15,-20.5167,57.5167,77.38,73,40,11.5
15,Puerto Ayora,EC,2022-01-25 19:15:16,-0.7393,-90.3518,84.16,76,76,8.77
16,Lasa,IT,2022-01-25 19:15:16,46.6166,10.7002,45.86,68,2,6.22
17,Pevek,RU,2022-01-25 19:15:16,69.7008,170.3133,-21.87,99,100,2.01
18,Avera,US,2022-01-25 19:15:17,33.194,-82.5271,60.44,57,99,8.79
19,Mehamn,NO,2022-01-25 19:15:17,71.0357,27.8492,30.38,69,100,31.34
20,Beringovskiy,RU,2022-01-25 19:15:17,63.05,179.3167,-26.63,92,34,2.57
21,Sao Filipe,CV,2022-01-25 19:15:17,14.8961,-24.4956,77.13,62,3,6.49
22,Vaini,TO,2022-01-25 19:15:18,-21.2,-175.2,79.83,70,45,15.75
23,Lompoc,US,2022-01-25 19:13:06,34.6391,-120.4579,66.11,77,0,7.0
24,Atuona,PF,2022-01-25 19:15:18,-9.8,-139.0333,77.97,73,4,18.52
25,Lebu,CL,2022-01-25 19:15:18,-37.6167,-73.65,64.8,69,0,14.97
26,Saint-Philippe,RE,2022-01-25 19:15:19,-21.3585,55.7679,74.79,69,99,12.28
27,Nome,US,2022-01-25 19:15:19,64.5011,-165.4064,-19.7,100,100,2.73
28,Dubai,AE,2022-01-25 19:13:13,25.2582,55.3047,72.21,68,0,5.75
29,Comodoro Rivadavia,AR,2022-01-25 19:15:19,-45.8667,-67.5,69.66,32,0,16.11
30,Kahului,US,2022-01-25 19:15:20,20.8947,-156.47,75.22,80,40,21.85
31,Ushuaia,AR,2022-01-25 19:15:20,-54.8,-68.3,44.22,87,75,28.77
32,Chuy,UY,2022-01-25 19:15:20,-33.6971,-53.4616,85.24,66,93,10.22
33,Ilulissat,GL,2022-01-25 19:15:20,69.2167,-51.1,15.82,57,75,14.97
34,Busselton,AU,2022-01-25 19:15:21,-33.65,115.3333,61.05,86,0,9.89
35,Georgetown,MY,2022-01-25 19:14:24,5.4112,100.3354,80.53,83,20,0.0
36,Erdemli,TR,2022-01-25 19:15:21,36.605,34.3084,41.97,97,100,16.37
37,Kosino,RU,2022-01-25 19:15:21,58.4127,51.2782,3.31,97,78,5.75
38,Tuktoyaktuk,CA,2022-01-25 19:15:22,69.4541,-133.0374,28.4,86,100,20.71
39,Nikolskoye,RU,2022-01-25 19:15:22,59.7035,30.7861,24.69,98,66,4.47
40,Port Alfred,ZA,2022-01-25 19:15:22,-33.5906,26.891,71.65,84,52,7.85
41,Albany,US,2022-01-25 19:15:23,42.6001,-73.9662,33.1,51,100,1.01
42,Maniitsoq,GL,2022-01-25 19:15:23,65.4167,-52.9,17.71,73,100,22.41
43,Santa Maria Del Oro,MX,2022-01-25 19:15:23,25.9333,-105.3667,61.63,13,0,4.74
44,Nioro,GM,2022-01-25 19:15:23,13.35,-15.75,88.66,7,100,9.64
45,Ryazhsk,RU,2022-01-25 19:15:24,53.7038,40.1109,12.11,97,100,4.81
46,Leningradskiy,RU,2022-01-25 19:16:24,69.3833,178.4167,-24.92,87,37,5.64
47,Butaritari,KI,2022-01-25 19:16:24,3.0707,172.7902,81.36,80,53,16.2
48,Castro,BR,2022-01-25 19:16:25,-24.7911,-50.0119,85.35,40,6,2.26
49,Rio Negro,BR,2022-01-25 19:16:25,-26.1058,-49.7975,86.67,25,27,3.29
50,Klaksvik,FO,2022-01-25 19:16:25,62.2266,-6.589,41.92,71,7,40.6
51,Nouadhibou,MR,2022-01-25 19:16:26,20.931,-17.0347,71.58,68,39,12.66
52,Zhuhai,CN,2022-01-25 19:16:26,22.2769,113.5678,66.9,82,40,6.91
53,Arraial Do Cabo,BR,2022-01-25 19:16:26,-22.9661,-42.0278,84.16,69,0,25.32
54,Gazli,UZ,2022-01-25 19:16:26,40.1333,63.45,33.85,65,17,9.15
55,Saint Anthony,US,2022-01-25 19:16:27,45.0205,-93.218,2.93,62,0,5.01
56,New Norfolk,AU,2022-01-25 19:16:27,-42.7826,147.0587,60.3,72,100,2.06
57,Lisala,CD,2022-01-25 19:16:27,2.15,21.5167,78.44,37,68,0.72
58,Geraldton,AU,2022-01-25 19:16:28,-28.7667,114.6,66.61,77,0,11.5
59,Luzhou,CN,2022-01-25 19:16:28,28.8724,105.4405,48.47,94,100,1.7
60,Ranong,TH,2022-01-25 19:16:28,9.9658,98.6348,73.76,89,31,3.83
61,Hobart,AU,2022-01-25 19:16:28,-42.8794,147.3294,60.66,79,75,5.75
62,Shakiso,ET,2022-01-25 19:16:29,5.75,38.9167,61.3,34,5,3.4
63,Padang,ID,2022-01-25 19:16:29,-0.9492,100.3543,78.35,85,100,2.93
64,Bathsheba,BB,2022-01-25 19:16:29,13.2167,-59.5167,83.01,57,20,18.41
65,Acapulco,MX,2022-01-25 19:15:48,16.8634,-99.8901,85.82,58,20,8.05
66,Norman Wells,CA,2022-01-25 19:16:30,65.282,-126.8329,1.44,85,75,3.44
67,Ancud,CL,2022-01-25 19:16:30,-41.8697,-73.8203,73.22,63,0,8.14
68,Vrangel,RU,2022-01-25 19:16:30,42.7297,133.0839,26.51,65,100,4.81
69,Quatre Cocos,MU,2022-01-25 19:16:31,-20.2078,57.7625,77.11,70,91,17.92
70,College,US,2022-01-25 19:16:31,64.8569,-147.8028,22.95,75,100,6.91
71,Kodiak,US,2022-01-25 19:16:20,57.79,-152.4072,27.91,54,0,12.66
72,River Falls,US,2022-01-25 19:16:31,44.8614,-92.6238,3.09,62,100,11.25
73,Bluff,NZ,2022-01-25 19:16:32,-46.6,168.3333,54.81,90,100,9.86
74,Hilo,US,2022-01-25 19:16:32,19.7297,-155.09,77.11,67,20,4.61
75,Narsaq,GL,2022-01-25 19:16:32,60.9167,-46.05,25.02,75,100,11.16
76,Kaitangata,NZ,2022-01-25 19:16:32,-46.2817,169.8464,52.66,77,1,4.45
77,Saldanha,ZA,2022-01-25 19:16:33,-33.0117,17.9442,63.57,84,0,23.53
78,Namibe,AO,2022-01-25 19:16:33,-15.1961,12.1522,76.66,83,88,3.67
79,Vila Velha,BR,2022-01-25 19:16:33,-20.3297,-40.2925,84.15,71,20,6.91
80,Pangnirtung,CA,2022-01-25 19:16:34,66.1451,-65.7125,-13.0,70,75,2.3
81,Cidreira,BR,2022-01-25 19:16:34,-30.1811,-50.2056,81.43,72,100,16.49
82,Burnie,AU,2022-01-25 19:16:34,-41.0667,145.9167,66.94,88,87,9.95
83,Pochutla,MX,2022-01-25 19:16:35,15.7432,-96.4661,86.85,34,0,11.1
84,Pacific Grove,US,2022-01-25 19:14:06,36.6177,-121.9166,60.57,77,0,1.01
85,Jamestown,US,2022-01-25 19:15:27,42.097,-79.2353,22.32,45,100,5.99
86,Oskaloosa,US,2022-01-25 19:16:35,41.2964,-92.6444,9.41,61,0,8.05
87,Surt,LY,2022-01-25 19:16:36,31.2089,16.5887,52.79,52,92,22.1
88,Fortuna,US,2022-01-25 19:16:36,40.5982,-124.1573,43.14,47,0,0.45
89,San Quintin,MX,2022-01-25 19:16:36,30.4833,-115.95,62.08,59,24,6.55
90,Port Keats,AU,2022-01-25 19:16:37,-14.25,129.55,78.76,88,100,7.96
91,Cayenne,GF,2022-01-25 19:17:37,4.9333,-52.3333,82.44,82,75,5.99
92,Ulvik,NO,2022-01-25 19:17:37,60.5672,6.9187,40.21,98,100,5.88
93,La Sarre,CA,2022-01-25 19:15:44,48.8002,-79.1996,-8.21,82,100,7.72
94,Magnitogorsk,RU,2022-01-25 19:17:38,53.4186,59.0472,-3.17,84,13,2.24
95,Santa Rosa,PH,2022-01-25 19:17:38,14.3122,121.1114,79.11,71,100,11.3
96,Mukdahan,TH,2022-01-25 19:17:38,16.5833,104.5,68.0,62,92,3.44
97,Thompson,CA,2022-01-25 19:17:39,55.7435,-97.8558,-14.64,70,40,5.75
98,Avarua,CK,2022-01-25 19:17:39,-21.2078,-159.775,80.65,83,0,6.91
99,Zaoyang,CN,2022-01-25 19:17:39,32.1272,112.7542,40.46,77,100,2.39
100,Bredasdorp,ZA,2022-01-25 19:17:39,-34.5322,20.0403,67.32,73,100,5.75
101,Ust-Kulom,RU,2022-01-25 19:17:40,61.6864,53.6902,15.6,90,74,9.15
102,Rio Grande,BR,2022-01-25 19:17:40,-32.035,-52.0986,87.91,71,5,13.78
103,Tecoanapa,MX,2022-01-25 19:17:40,16.5167,-98.75,84.45,50,0,10.33
104,Iqaluit,CA,2022-01-25 19:17:41,63.7506,-68.5145,-16.87,69,100,5.75
105,Rundu,NA,2022-01-25 19:17:41,-17.9333,19.7667,74.52,54,100,6.85
106,Peniche,PT,2022-01-25 19:17:41,39.3558,-9.3811,56.62,78,1,15.37
107,Bethel,US,2022-01-25 19:17:42,41.3712,-73.414,41.49,63,0,4.0
108,Longyearbyen,SJ,2022-01-25 19:17:42,78.2186,15.6401,17.44,73,40,19.57
109,Ballina,AU,2022-01-25 19:17:42,-28.8667,153.5667,69.98,92,100,2.44
110,Esil,KZ,2022-01-25 19:17:42,51.9556,66.4042,-0.06,90,100,5.79
111,Shumskiy,RU,2022-01-25 19:17:43,54.8318,99.1328,5.29,96,100,2.3
112,Barentu,ER,2022-01-25 19:17:43,15.1139,37.5928,69.67,55,0,6.46
113,Negotino,MK,2022-01-25 19:13:44,41.4839,22.0892,23.86,50,15,3.58
114,Sosnogorsk,RU,2022-01-25 19:17:43,63.6023,53.8817,19.81,90,100,9.98
115,Sisimiut,GL,2022-01-25 19:17:44,66.9395,-53.6735,12.16,78,100,11.86
116,Dikson,RU,2022-01-25 19:17:44,73.5069,80.5464,11.93,92,100,33.91
117,Yar-Sale,RU,2022-01-25 19:17:44,66.8333,70.8333,7.56,90,100,19.8
118,Mayor Pablo Lagerenza,PY,2022-01-25 19:17:44,-19.9309,-60.7718,105.08,21,100,8.66
119,Saint-Denis,FR,2022-01-25 19:17:45,48.9167,2.3333,34.29,98,100,1.14
120,Bay Roberts,CA,2022-01-25 19:17:45,47.5999,-53.2648,33.51,79,100,5.01
121,Hithadhoo,MV,2022-01-25 19:17:45,-0.6,73.0833,81.36,66,100,15.17
122,Nisporeni,MD,2022-01-25 19:17:46,47.0814,28.1783,24.85,84,100,2.33
123,Kavieng,PG,2022-01-25 19:17:46,-2.5744,150.7967,82.72,78,100,10.09
124,Nara,JP,2022-01-25 19:17:46,34.6851,135.8049,37.71,76,98,0.63
125,Sillod,IN,2022-01-25 19:17:47,20.3,75.65,57.0,47,0,6.91
126,Mahebourg,MU,2022-01-25 19:17:47,-20.4081,57.7,77.29,73,40,11.5
127,Bijie,CN,2022-01-25 19:17:47,27.3125,105.2942,37.54,97,100,4.43
128,Boardman,US,2022-01-25 19:17:47,41.0242,-80.6628,27.12,51,95,5.01
129,Grajewo,PL,2022-01-25 19:17:48,53.6473,22.4554,34.18,98,100,9.15
130,Sepolno Krajenskie,PL,2022-01-25 19:17:48,53.452,17.5317,38.98,93,48,7.58
131,Salalah,OM,2022-01-25 19:17:48,17.0151,54.0924,69.89,56,0,5.75
132,Vikulovo,RU,2022-01-25 19:17:49,56.8167,70.6107,-2.31,100,97,2.62
133,Port Elizabeth,ZA,2022-01-25 19:17:49,-33.918,25.5701,71.1,88,100,6.91
134,Qaanaaq,GL,2022-01-25 19:17:49,77.484,-69.3632,-10.32,55,57,7.43
135,Northam,GB,2022-01-25 19:17:49,51.0333,-4.2167,43.02,85,100,3.24
136,Digby,CA,2022-01-25 19:17:50,44.6169,-65.7655,38.71,98,100,13.11
137,Yulara,AU,2022-01-25 19:18:50,-25.2406,130.9889,80.44,54,85,6.91
138,Kunming,CN,2022-01-25 19:18:50,25.0389,102.7183,46.33,93,75,11.18
139,Hambantota,LK,2022-01-25 19:18:51,6.1241,81.1185,73.15,82,62,9.44
140,Upernavik,GL,2022-01-25 19:18:51,72.7868,-56.1549,7.38,90,100,8.01
141,Belaya Gora,RU,2022-01-25 19:18:51,68.5333,146.4167,-28.25,100,94,2.51
142,Palmer,US,2022-01-25 19:18:52,42.1584,-72.3287,41.47,59,75,1.99
143,Cherskiy,RU,2022-01-25 19:18:52,68.75,161.3,-41.44,100,94,5.21
144,San Cristobal,VE,2022-01-25 19:18:52,7.7669,-72.225,80.78,37,100,2.13
145,Emba,KZ,2022-01-25 19:18:52,48.8264,58.1442,-3.19,99,57,3.98
146,Calbuco,CL,2022-01-25 19:18:53,-41.768,-73.1273,65.41,70,0,10.49
147,Hay River,CA,2022-01-25 19:16:52,60.8156,-115.7999,15.78,79,75,16.11
148,Hasaki,JP,2022-01-25 19:18:53,35.7333,140.8333,37.8,89,100,13.71
149,Tasiilaq,GL,2022-01-25 19:18:53,65.6145,-37.6368,19.56,92,32,7.2
150,Mizdah,LY,2022-01-25 19:18:54,31.4451,12.9801,41.38,63,3,7.63
151,Khawhai,IN,2022-01-25 19:18:54,23.3667,93.1167,44.4,93,42,1.1
152,Hami,CN,2022-01-25 19:18:54,42.8,93.45,24.26,49,100,3.6
153,Chimbote,PE,2022-01-25 19:16:31,-9.0853,-78.5783,76.3,70,99,11.9
154,Willmar,US,2022-01-25 19:17:36,45.1219,-95.0433,-0.38,77,7,8.05
155,Cabra,ES,2022-01-25 19:18:55,37.4725,-4.4421,51.24,65,38,6.2
156,Mataura,NZ,2022-01-25 19:18:55,-46.1927,168.8643,54.48,90,79,1.61
157,Barrow,US,2022-01-25 19:18:55,71.2906,-156.7887,5.02,78,100,23.02
158,Wilmington Island,US,2022-01-25 19:18:56,32.0036,-80.9737,57.29,60,100,2.93
159,Fairbanks,US,2022-01-25 19:18:45,64.8378,-147.7164,23.09,75,100,5.01
160,Barahona,DO,2022-01-25 19:18:56,18.2085,-71.1008,84.02,65,20,16.11
161,Batemans Bay,AU,2022-01-25 19:18:56,-35.7167,150.1833,66.9,94,17,2.51
162,Serafimovich,RU,2022-01-25 19:18:57,49.5786,42.736,12.79,97,92,4.72
163,Omboue,GA,2022-01-25 19:18:57,-1.5746,9.2618,77.56,87,85,4.43
164,Darnah,LY,2022-01-25 19:18:57,32.767,22.6367,46.72,68,100,10.22
165,Mar Del Plata,AR,2022-01-25 19:09:09,-38.0023,-57.5575,82.42,81,75,17.0
166,Rongcheng,CN,2022-01-25 19:18:58,30.634,117.8517,41.34,95,100,4.59
167,Batsfjord,NO,2022-01-25 19:18:58,70.6345,29.7185,30.13,83,98,29.17
168,Eydhafushi,MV,2022-01-25 19:18:58,5.1033,73.0708,80.33,63,81,9.78
169,Rio Claro,BR,2022-01-25 19:16:29,-22.4114,-47.5614,87.62,63,100,4.76
170,Hailey,US,2022-01-25 19:18:59,43.5196,-114.3153,26.91,68,0,0.0
171,Bambous Virieux,MU,2022-01-25 19:18:59,-20.3428,57.7575,77.25,73,40,11.5
172,East London,ZA,2022-01-25 19:18:59,-33.0153,27.9116,73.87,78,46,2.46
173,Torbay,CA,2022-01-25 19:18:59,47.6666,-52.7314,32.76,85,75,8.05
174,Ossora,RU,2022-01-25 19:19:00,59.2353,163.0719,-12.8,91,100,7.74
175,Airai,TL,2022-01-25 19:19:00,-8.9266,125.4092,61.09,86,69,2.95
176,Campbell River,CA,2022-01-25 19:19:00,50.0163,-125.2446,34.59,100,100,2.3
177,Sokoto,NG,2022-01-25 19:19:01,13.0609,5.239,70.93,12,0,10.71
178,Ziway,ET,2022-01-25 19:19:01,7.9333,38.7167,67.32,46,54,18.79
179,Trairi,BR,2022-01-25 19:19:02,-3.2778,-39.2689,84.65,64,53,12.21
180,Joensuu,FI,2022-01-25 19:20:02,62.6012,29.7632,16.29,90,0,10.36
181,Srednekolymsk,RU,2022-01-25 19:20:03,67.45,153.6833,-29.94,99,97,6.67
182,Kovdor,RU,2022-01-25 19:20:03,67.5662,30.4758,14.14,91,12,6.53
183,Kavaratti,IN,2022-01-25 19:19:16,10.5669,72.642,77.88,55,65,7.4
184,Olafsvik,IS,2022-01-25 19:20:03,64.8945,-23.7142,30.7,86,100,32.66
185,Nanortalik,GL,2022-01-25 19:20:04,60.1432,-45.2371,24.75,86,100,8.79
186,Palana,RU,2022-01-25 19:20:04,59.1167,159.9667,-11.36,88,84,4.65
187,Dulce Nombre De Culmi,HN,2022-01-25 19:20:04,15.1,-85.5333,93.43,28,0,5.66
188,Codrington,AU,2022-01-25 19:20:04,-38.2667,141.9667,67.93,61,6,8.12
189,Ust-Nera,RU,2022-01-25 19:20:05,64.5667,143.2,-21.6,98,100,2.42
190,Seymchan,RU,2022-01-25 19:20:05,62.8833,152.4333,-37.39,98,100,1.74
191,Clyde River,CA,2022-01-25 19:20:05,70.4692,-68.5914,-5.57,84,100,20.71
192,Berezovyy,RU,2022-01-25 19:20:06,51.6667,135.7,-12.53,99,37,2.73
193,Suntar,RU,2022-01-25 19:20:06,62.1444,117.6319,-26.03,100,80,2.75
194,Yilan,TW,2022-01-25 19:20:06,24.757,121.753,68.36,99,100,4.05
195,Victoria,HK,2022-01-25 19:19:43,22.2855,114.1577,67.17,87,100,5.01
196,Taoudenni,ML,2022-01-25 19:20:07,22.6783,-3.9836,75.31,14,100,7.63
197,Port Lincoln,AU,2022-01-25 19:20:07,-34.7333,135.8667,67.41,92,0,2.1
198,Talara,PE,2022-01-25 19:20:07,-4.5772,-81.2719,79.56,61,40,8.95
199,Esmeraldas,BR,2022-01-25 19:20:08,-19.7625,-44.3139,89.71,55,28,2.51
200,Guerrero Negro,MX,2022-01-25 19:20:08,27.9769,-114.0611,66.27,45,31,7.99
201,Nantucket,US,2022-01-25 19:20:08,41.2835,-70.0995,44.71,65,40,17.27
202,Yellowknife,CA,2022-01-25 19:17:45,62.456,-114.3525,4.41,89,100,6.91
203,Baghdad,IQ,2022-01-25 19:18:52,33.3406,44.4009,46.31,57,0,3.44
204,Sorland,NO,2022-01-25 19:20:09,67.667,12.6934,31.86,94,100,15.37
205,Coracao De Jesus,BR,2022-01-25 19:20:09,-16.6853,-44.365,83.12,68,92,3.22
206,Bage,BR,2022-01-25 19:20:09,-31.3314,-54.1069,98.38,41,0,6.91
207,Nanakuli,US,2022-01-25 19:20:10,21.3906,-158.1547,76.95,61,0,5.75
208,Cabo San Lucas,MX,2022-01-25 19:17:20,22.8909,-109.9124,76.6,37,0,4.61
209,Porangatu,BR,2022-01-25 19:20:10,-13.4408,-49.1486,83.84,65,30,3.24
210,Konevo,RU,2022-01-25 19:20:10,62.1215,39.3192,15.1,98,53,3.94
211,Kaka,TM,2022-01-25 19:20:11,37.3482,59.6143,41.29,44,0,5.17
212,Kiunga,PG,2022-01-25 19:20:11,-6.1219,141.2906,73.38,99,100,1.72
213,Sibiti,CG,2022-01-25 19:20:11,-3.6819,13.3499,69.64,97,100,2.89
214,Erzin,TR,2022-01-25 19:20:12,36.9559,36.2,36.32,83,100,6.35
215,Fare,PF,2022-01-25 19:20:12,-16.7,-151.0167,80.15,79,95,15.23
216,Mount Isa,AU,2022-01-25 19:20:12,-20.7333,139.5,76.77,100,100,0.0
217,Buraydah,SA,2022-01-25 19:20:12,26.326,43.975,61.25,35,0,10.6
218,Necochea,AR,2022-01-25 19:20:13,-38.5473,-58.7368,80.96,68,47,14.94
219,Gao,ML,2022-01-25 19:20:13,16.6362,1.637,66.58,11,54,11.48
220,Maneadero,MX,2022-01-25 19:20:13,31.7167,-116.5667,64.18,75,95,8.01
221,La Paz,BO,2022-01-25 19:20:14,-16.5,-68.15,57.18,66,75,8.05
222,Sikasso,ML,2022-01-25 19:20:14,10.9167,-7.0,80.37,11,40,5.84
223,Nicolas Bravo,MX,2022-01-25 19:20:14,18.45,-88.9167,83.28,62,62,5.86
224,Siteki,SZ,2022-01-25 19:21:15,-26.45,31.95,74.32,93,100,3.69
225,Saint-Paul,RE,2022-01-25 19:21:15,-21.0096,55.2707,75.31,73,100,2.1
226,Ponta Do Sol,PT,2022-01-25 19:21:15,32.6667,-17.1,61.72,62,62,8.52
227,Sao Miguel Do Araguaia,BR,2022-01-25 19:21:16,-13.275,-50.1628,83.1,72,45,5.41
228,San Patricio,US,2022-01-25 19:21:16,28.017,-97.5169,62.49,48,0,10.11
229,Abadzekhskaya,RU,2022-01-25 19:21:16,44.3939,40.2214,19.2,91,52,5.14
230,Oistins,BB,2022-01-25 19:21:17,13.0667,-59.5333,82.49,57,20,18.41
231,Briancon,FR,2022-01-25 19:21:17,44.9,6.65,29.93,67,0,3.44
232,Murmino,RU,2022-01-25 19:21:17,54.6036,40.0544,12.18,97,100,4.34
233,Umba,RU,2022-01-25 19:21:17,66.6871,34.3429,15.03,92,18,9.28
234,Parabel,RU,2022-01-25 19:21:18,58.6978,81.4825,-6.39,100,96,3.87
235,Harer,ET,2022-01-25 19:21:18,9.3094,42.1258,56.82,66,50,8.75
236,Port Hedland,AU,2022-01-25 19:19:42,-20.3167,118.5667,84.25,84,40,8.05
237,Broken Hill,AU,2022-01-25 19:21:18,-31.95,141.4333,77.32,63,57,9.4
238,Los Llanos De Aridane,ES,2022-01-25 19:21:19,28.6585,-17.9182,60.55,53,20,11.99
239,Moose Factory,CA,2022-01-25 19:21:19,51.2585,-80.6094,-11.2,64,0,12.66
240,Rudbar,AF,2022-01-25 19:21:19,30.15,62.6,48.38,32,0,3.36
241,Luganville,VU,2022-01-25 19:21:19,-15.5333,167.1667,78.48,84,90,3.13
242,Severo-Kurilsk,RU,2022-01-25 19:21:20,50.6789,156.125,20.08,64,40,6.64
243,Camenca,MD,2022-01-25 19:21:20,48.0319,28.6978,24.08,94,100,3.78
244,Douglas,US,2022-01-25 19:21:20,41.3,-96.167,20.75,53,40,4.0
245,Rosita,NI,2022-01-25 19:21:21,13.9268,-84.4032,82.63,63,96,3.42
246,Goundam,ML,2022-01-25 19:21:21,16.4145,-3.6708,72.66,12,68,11.61
247,Ulaanbaatar,MN,2022-01-25 19:21:21,47.9077,106.8832,-23.67,69,40,2.24
248,Praia Da Vitoria,PT,2022-01-25 19:21:21,38.7333,-27.0667,61.75,88,75,6.96
249,Lipari,IT,2022-01-25 19:21:22,38.4674,14.954,45.79,50,6,8.37
250,Ilek,RU,2022-01-25 19:21:22,51.5271,53.3831,4.68,95,79,8.05
251,La Peca,PE,2022-01-25 19:21:22,-5.6111,-78.435,84.58,53,95,2.1
252,Ribeira Grande,PT,2022-01-25 19:21:23,38.5167,-28.7,61.2,72,20,4.61
253,Las Palmas,ES,2022-01-25 19:21:23,28.4204,-14.0131,61.59,59,40,11.5
254,Asmara,ER,2022-01-25 19:21:23,15.3333,38.9333,52.39,85,72,7.43
255,Grindavik,IS,2022-01-25 19:21:24,63.8424,-22.4338,36.07,64,75,36.82
256,Bengkulu,ID,2022-01-25 19:21:24,-3.8004,102.2655,77.58,84,100,3.76
257,Saint-Joseph,RE,2022-01-25 19:21:24,-21.3667,55.6167,73.78,68,99,12.46
258,Hirara,JP,2022-01-25 19:21:24,24.8,125.2833,69.1,74,99,12.37
259,Flinders,AU,2022-01-25 19:21:25,-34.5833,150.8552,67.8,86,71,4.0
260,Oranjemund,NA,2022-01-25 19:21:25,-28.55,16.4333,65.3,91,18,18.54
261,Tiksi,RU,2022-01-25 19:21:25,71.6872,128.8694,-7.74,95,100,8.99
262,Tacoronte,ES,2022-01-25 19:21:26,28.4769,-16.4102,59.94,66,75,18.99
263,Nampula,MZ,2022-01-25 19:21:26,-15.1165,39.2666,73.35,83,75,18.41
264,Isangel,VU,2022-01-25 19:21:26,-19.55,169.2667,77.11,94,14,3.44
265,Kruisfontein,ZA,2022-01-25 19:21:26,-34.0033,24.7314,68.88,88,100,7.99
266,Debre Tabor,ET,2022-01-25 19:21:27,11.85,38.0167,57.61,26,2,6.4
267,Marsh Harbour,BS,2022-01-25 19:21:27,26.5412,-77.0636,68.95,60,98,5.64
268,Mindelo,CV,2022-01-25 19:21:27,16.8901,-24.9804,76.55,57,0,20.71
269,Brownsville,US,2022-01-25 19:21:28,25.9018,-97.4975,69.78,75,20,5.99
270,Adrar,MR,2022-01-25 19:22:28,20.5022,-10.0711,73.53,14,100,6.78
271,Henties Bay,NA,2022-01-25 19:22:28,-22.116,14.2845,66.85,81,6,7.31
272,Tuatapere,NZ,2022-01-25 19:22:28,-46.1333,167.6833,54.82,94,100,4.25
273,Faya,SA,2022-01-25 19:22:29,18.3851,42.4509,55.51,78,10,3.62
274,Walvis Bay,NA,2022-01-25 19:22:29,-22.9575,14.5053,70.75,64,9,6.91
275,Phalombe,MW,2022-01-25 19:21:14,-15.8064,35.6507,66.94,94,81,1.9
276,Santa Cruz,BO,2022-01-25 19:22:29,-17.8,-63.1667,95.05,43,75,13.8
277,Hitoyoshi,JP,2022-01-25 19:22:30,32.2167,130.75,40.64,83,30,3.83
278,Zadar,HR,2022-01-25 19:18:35,44.1197,15.2422,40.64,80,0,2.3
279,Kununurra,AU,2022-01-25 19:22:30,-15.7667,128.7333,76.98,94,100,0.0
280,Verkhnevilyuysk,RU,2022-01-25 19:22:30,63.4453,120.3167,-20.67,100,99,3.87
281,Richards Bay,ZA,2022-01-25 19:22:31,-28.783,32.0377,74.52,92,4,2.53
282,Kashi,CN,2022-01-25 19:22:31,39.4547,75.9797,25.81,46,54,2.24
283,Russkaya Polyana,UA,2022-01-25 19:22:32,49.417,31.9201,13.33,94,68,4.94
284,Yining,CN,2022-01-25 19:22:32,29.0361,114.5636,43.45,97,100,2.04
285,Kasongo,CD,2022-01-25 19:22:32,-4.45,26.6667,68.23,96,88,2.82
286,Arlit,NE,2022-01-25 19:22:32,18.7369,7.3853,63.77,16,1,16.06
287,Batavia,US,2022-01-25 19:22:33,41.85,-88.3126,14.18,59,0,8.01
288,Pandan,PH,2022-01-25 19:22:33,14.0453,124.1694,76.75,93,100,12.66
289,Shahr-E Babak,IR,2022-01-25 19:22:33,30.1165,55.1186,43.99,39,0,3.31
290,Asau,RO,2022-01-25 19:22:34,46.4333,26.4,20.32,74,100,7.2
291,Zhezkazgan,KZ,2022-01-25 19:22:34,47.8043,67.7144,-2.25,95,14,4.23
292,Chernyshevskiy,RU,2022-01-25 19:22:34,63.0128,112.4714,-23.01,100,79,2.33
293,Mbaiki,CF,2022-01-25 19:22:34,3.8678,17.9892,76.89,26,100,1.81
294,Turan,VN,2022-01-25 19:22:35,16.0678,108.2208,71.65,94,20,0.0
295,Altay,CN,2022-01-25 19:22:35,47.8667,88.1167,-0.24,57,50,7.52
296,Oyama,JP,2022-01-25 19:22:35,36.3,139.8,42.58,72,100,5.46
297,Encruzilhada Do Sul,BR,2022-01-25 19:22:36,-30.5439,-52.5219,79.74,71,95,13.58
298,Rensvik,NO,2022-01-25 19:22:36,63.1,7.8167,39.47,70,75,9.22
299,Chokurdakh,RU,2022-01-25 19:22:36,70.6333,147.9167,-32.6,100,100,6.85
300,Kieta,PG,2022-01-25 19:22:36,-6.2167,155.6333,79.2,86,100,3.47
301,Kudymkar,RU,2022-01-25 19:22:37,59.0173,54.656,7.47,95,20,7.49
302,Mount Gambier,AU,2022-01-25 19:22:37,-37.8333,140.7667,70.59,62,15,5.55
303,Ostrovnoy,RU,2022-01-25 19:22:37,68.0531,39.5131,18.84,87,15,17.4
304,Touros,BR,2022-01-25 19:22:38,-5.1989,-35.4608,88.7,66,100,13.96
305,Dingle,PH,2022-01-25 19:22:38,10.9995,122.6711,75.09,96,100,9.62
306,Bilibino,RU,2022-01-25 19:22:38,68.0546,166.4372,-41.82,97,52,3.51
307,Camana,PE,2022-01-25 19:22:38,-16.6228,-72.7111,75.27,69,50,8.52
308,Martvili,GE,2022-01-25 19:22:39,42.4144,42.3792,35.65,81,100,5.61
309,Ongandjera,NA,2022-01-25 19:22:39,-17.8833,15.0667,85.21,22,65,8.05
310,Udachnyy,RU,2022-01-25 19:22:39,66.4167,112.4,3.45,77,100,5.21
311,Grand Gaube,MU,2022-01-25 19:22:40,-20.0064,57.6608,77.4,70,70,3.0
312,Esperance,AU,2022-01-25 19:22:40,-33.8667,121.9,65.1,83,100,14.03
313,Huarmey,PE,2022-01-25 19:22:40,-10.0681,-78.1522,76.77,72,100,12.15
314,Chapais,CA,2022-01-25 19:17:44,49.7834,-74.8492,-11.42,83,100,8.08
315,Vung Tau,VN,2022-01-25 19:23:41,10.346,107.0843,77.16,84,27,18.43
316,Kargil,IN,2022-01-25 19:19:16,34.5667,76.1,-2.02,98,100,0.54
317,Houma,US,2022-01-25 19:22:28,29.5958,-90.7195,52.0,96,100,9.22
318,Bandarbeyla,SO,2022-01-25 19:23:41,9.4942,50.8122,74.82,63,0,20.58
319,Zyryanka,RU,2022-01-25 19:23:41,65.75,150.85,-34.11,99,98,6.73
320,Mmabatho,ZA,2022-01-25 19:23:42,-25.85,25.6333,73.36,60,94,14.97
321,Shache,CN,2022-01-25 19:23:42,38.4167,77.2406,25.45,52,0,2.35
322,Haines Junction,CA,2022-01-25 19:23:42,60.7522,-137.5108,26.55,74,100,1.14
323,Prachin Buri,TH,2022-01-25 19:23:42,14.0833,101.6667,74.95,49,5,2.35
324,Amberley,US,2022-01-25 19:23:43,39.2048,-84.428,29.95,61,100,4.0
325,Katsuura,JP,2022-01-25 19:23:43,35.1333,140.3,43.2,93,100,12.82
326,Ayotzintepec,MX,2022-01-25 19:23:43,17.6667,-96.1333,84.29,50,5,5.64
327,Samarinda,ID,2022-01-25 19:23:44,-0.5,117.15,72.72,96,100,0.76
328,Skibotn,NO,2022-01-25 19:23:44,69.3913,20.2679,28.49,95,98,6.22
329,Ygatimi,PY,2022-01-25 19:23:44,-24.0833,-55.5,97.3,35,72,6.55
330,Tual,ID,2022-01-25 19:23:44,-5.6667,132.75,83.79,75,100,10.63
331,Ascope,PE,2022-01-25 19:23:45,-7.7144,-79.1078,69.13,53,100,11.72
332,Oriximina,BR,2022-01-25 19:23:45,-1.7656,-55.8661,83.95,69,100,2.15
333,Camacha,PT,2022-01-25 19:23:45,33.0833,-16.3333,58.42,67,40,19.57
334,Chicama,PE,2022-01-25 19:23:46,-7.8447,-79.1469,70.34,60,100,11.9
335,Mitsamiouli,KM,2022-01-25 19:23:46,-11.3847,43.2844,81.7,77,100,13.56
336,Dordrecht,NL,2022-01-25 19:23:46,51.81,4.6736,39.38,81,100,1.01
337,Ust-Tsilma,RU,2022-01-25 19:23:46,65.441,52.1498,20.91,93,100,8.05
338,Berbera,SO,2022-01-25 19:23:47,10.4396,45.0143,73.89,73,57,6.73
339,Cortez,US,2022-01-25 19:19:26,37.3489,-108.5859,43.7,28,0,3.44
340,Hastings,GB,2022-01-25 19:23:47,50.8552,0.5729,38.32,80,100,4.18
341,Vilyuysk,RU,2022-01-25 19:23:47,63.7553,121.6247,-18.74,98,100,5.53
342,Saskylakh,RU,2022-01-25 19:23:48,71.9167,114.0833,11.5,88,100,18.07
343,Catuday,PH,2022-01-25 19:23:48,16.2923,119.8062,76.69,76,100,9.04
344,Evensk,RU,2022-01-25 19:23:49,61.95,159.2333,-9.9,84,100,7.43
345,Kautokeino,NO,2022-01-25 19:23:49,69.0125,23.0412,5.99,90,33,8.16
346,Lircay,PE,2022-01-25 19:23:49,-12.9896,-74.7205,63.14,74,94,4.81
347,Wembley,AU,2022-01-25 19:23:50,-31.9333,115.8,67.08,68,0,9.22
348,Harper,LR,2022-01-25 19:23:50,4.375,-7.7169,79.36,80,0,7.34
349,Irtyshskiy,RU,2022-01-25 19:23:50,58.3333,68.1333,14.0,97,100,2.93
350,Harindanga,IN,2022-01-25 19:23:51,22.0383,88.3214,67.98,73,0,2.59
351,Pokrovsk,UA,2022-01-25 19:23:51,48.282,37.1758,15.37,99,100,5.03
352,Lagoa,PT,2022-01-25 19:23:52,39.05,-27.9833,58.77,79,100,7.02
353,Ende,ID,2022-01-25 19:23:52,-8.8432,121.6623,78.73,87,99,5.68
354,Faanui,PF,2022-01-25 19:23:52,-16.4833,-151.75,80.94,76,100,14.36
355,San Pedro,PH,2022-01-25 19:23:52,14.35,121.0167,78.35,71,40,0.0
356,Pisco,PE,2022-01-25 19:23:53,-13.7,-76.2167,78.85,57,0,21.85
357,Osoyoos,CA,2022-01-25 19:23:53,49.0331,-119.4524,29.03,86,94,5.75
358,Radebeul,DE,2022-01-25 19:23:53,51.1065,13.6605,38.91,93,75,5.75
359,Talnakh,RU,2022-01-25 19:23:54,69.4865,88.3972,-7.22,96,74,10.96
360,Concepcion Del Oro,MX,2022-01-25 19:23:54,24.6333,-101.4167,56.03,31,0,4.43
361,Beloha,MG,2022-01-25 19:23:54,-25.1667,45.05,72.3,74,0,15.48
362,Itoman,JP,2022-01-25 19:23:55,26.1247,127.6694,62.62,77,40,6.91
363,Talakan,RU,2022-01-25 19:23:55,50.3167,130.3667,-9.65,100,100,1.25
364,Constitucion,CL,2022-01-25 19:24:55,-35.3333,-72.4167,68.58,67,18,9.69
365,Yushan,CN,2022-01-25 19:24:56,31.3776,120.9543,43.99,78,100,5.03
366,Lafiagi,NG,2022-01-25 19:24:56,8.8667,5.4167,83.37,13,1,3.83
367,Cozumel,MX,2022-01-25 19:20:12,20.5083,-86.9458,84.18,73,0,11.99
368,Shenjiamen,CN,2022-01-25 19:24:56,29.9576,122.298,45.14,90,100,11.74
369,Gat,IL,2022-01-25 19:24:57,31.61,34.7642,49.41,65,0,7.14
370,Buin,CL,2022-01-25 19:24:57,-33.7333,-70.75,89.06,18,0,11.81
371,Jimo,CN,2022-01-25 19:24:58,36.3897,120.4622,24.58,93,0,6.71
372,Fukue,JP,2022-01-25 19:24:58,32.6881,128.8419,52.39,74,100,13.47
373,Prince Rupert,CA,2022-01-25 19:24:58,54.3161,-130.3201,44.29,87,100,4.61
374,Namie,JP,2022-01-25 19:24:59,37.4833,141.0,35.96,80,100,2.19
375,Banda Aceh,ID,2022-01-25 19:24:59,5.5577,95.3222,77.68,84,58,7.72
376,San Jeronimo,PE,2022-01-25 19:24:59,-11.9472,-75.2829,58.35,63,100,4.27
377,Barabai,ID,2022-01-25 19:25:00,-2.5833,115.3833,74.12,97,100,1.19
378,Svetlogorsk,BY,2022-01-25 19:25:00,52.6333,29.7333,23.9,97,100,5.55
379,Laguna,US,2022-01-25 19:25:00,38.421,-121.4238,66.04,70,0,1.99
380,Sabana De Torres,CO,2022-01-25 19:25:01,7.3915,-73.4957,89.22,49,40,3.09
381,Leh,IN,2022-01-25 19:25:01,34.1667,77.5833,-5.13,85,100,3.15
382,Uige,AO,2022-01-25 19:25:02,-7.6087,15.0613,67.59,97,100,2.01
383,San Rafael,AR,2022-01-25 19:25:02,-34.6177,-68.3301,89.73,36,98,10.67
384,Los Cordobas,CO,2022-01-25 19:25:02,8.894,-76.3546,91.42,75,100,13.8
385,Storsteinnes,NO,2022-01-25 19:25:03,69.2408,19.2344,28.4,94,100,5.68
386,Dunedin,NZ,2022-01-25 19:25:03,-45.8742,170.5036,55.31,79,0,4.34
387,Storm Lake,US,2022-01-25 19:25:03,42.6411,-95.2097,13.35,44,0,11.5
388,Moa,CU,2022-01-25 19:25:03,20.6569,-74.9403,79.7,59,0,7.74
389,Padilla,CO,2022-01-25 19:25:04,3.2204,-76.3139,76.57,79,100,3.56
390,Coquimbo,CL,2022-01-25 19:25:04,-29.9533,-71.3436,67.73,68,75,12.66
391,Havelock,US,2022-01-25 19:25:04,34.8791,-76.9013,56.05,68,100,3.44
392,Cotonou,BJ,2022-01-25 19:25:05,6.3654,2.4183,80.58,74,3,1.14
393,Lavrentiya,RU,2022-01-25 19:25:05,65.5833,-171.0,-19.43,86,100,5.48
394,Kokopo,PG,2022-01-25 19:25:05,-4.352,152.2633,78.31,85,57,4.34
395,Shitanjing,CN,2022-01-25 19:25:06,39.2342,106.3439,22.1,49,100,3.58
396,Jiexiu,CN,2022-01-25 19:25:06,37.0244,111.9125,31.6,44,100,2.39
397,Najran,SA,2022-01-25 19:25:06,17.4924,44.1277,61.45,29,45,2.33
398,Keti Bandar,PK,2022-01-25 19:25:06,24.1447,67.4497,66.45,43,0,7.05
399,Sulangan,PH,2022-01-25 19:25:07,11.1373,123.7228,79.25,86,100,16.13
400,Hellin,ES,2022-01-25 19:25:07,38.5106,-1.701,46.15,82,20,4.36
401,Monrovia,LR,2022-01-25 19:23:23,6.3005,-10.7969,83.97,74,6,9.64
402,Vardo,NO,2022-01-25 19:25:07,70.3705,31.1107,28.6,80,20,27.63
403,Kudahuvadhoo,MV,2022-01-25 19:21:14,2.6708,72.8944,80.1,62,60,9.08
404,Kaabong,UG,2022-01-25 19:25:08,3.4836,34.1492,71.89,36,51,9.04
405,Lata,PT,2022-01-25 19:25:08,40.1629,-8.3327,50.41,74,17,3.98
406,Hukuntsi,BW,2022-01-25 19:25:08,-24.0,21.75,81.86,35,92,3.02
407,Asfi,MA,2022-01-25 19:25:09,32.2994,-9.2372,59.36,78,82,4.52
408,Abu Kamal,SY,2022-01-25 19:25:09,34.4506,40.9171,48.85,54,34,8.61
409,Phangnga,TH,2022-01-25 19:25:09,8.4509,98.5298,77.04,86,99,3.6
410,Andilamena,MG,2022-01-25 19:25:10,-17.0167,48.5833,64.56,98,100,5.12
411,Svetlaya,RU,2022-01-25 19:26:10,46.5389,138.3297,10.85,83,52,4.88
412,Roma,US,2022-01-25 19:21:21,43.2128,-75.4557,28.96,68,100,1.01
413,Clearwater,US,2022-01-25 19:24:09,27.9659,-82.8001,53.13,91,100,4.0
414,Mounana,GA,2022-01-25 19:26:10,-1.4085,13.1586,71.92,94,100,1.95
415,Puerto Escondido,MX,2022-01-25 19:26:11,15.85,-97.0667,88.63,70,0,11.5
416,Luderitz,NA,2022-01-25 19:26:11,-26.6481,15.1594,78.17,57,3,22.59
417,Dudinka,RU,2022-01-25 19:26:11,69.4058,86.1778,-6.3,94,100,22.53
418,Kamina,CD,2022-01-25 19:26:12,-8.7386,24.9906,64.76,99,100,4.34
419,Bridlington,GB,2022-01-25 19:26:12,54.0831,-0.1919,38.28,87,7,8.32
420,Naze,JP,2022-01-25 19:26:12,28.3667,129.4833,57.36,70,69,12.08
421,Kalemie,CD,2022-01-25 19:26:12,-5.9475,29.1947,70.57,88,99,4.61
422,Mareeba,AU,2022-01-25 19:26:13,-17.0,145.4333,75.43,96,100,0.6
423,Ipixuna,BR,2022-01-25 19:26:13,-1.7625,-48.8043,85.95,63,99,6.89
424,Brae,GB,2022-01-25 19:26:13,60.3964,-1.353,46.31,81,100,25.43
425,Guarapari,BR,2022-01-25 19:26:14,-20.6667,-40.4975,84.09,73,4,11.54
426,Watertown,US,2022-01-25 19:26:14,42.3709,-71.1828,42.42,65,100,5.01
427,Severnyy,RU,2022-01-25 19:26:14,50.677,36.5532,15.84,86,75,4.47
428,Sao Paulo De Olivenca,BR,2022-01-25 19:26:14,-3.3783,-68.8725,72.97,98,100,2.59
429,Mogadishu,SO,2022-01-25 19:26:15,2.0371,45.3438,77.63,75,0,25.28
430,Kuching,MY,2022-01-25 19:26:15,1.55,110.3333,75.42,100,20,2.3
431,Alenquer,BR,2022-01-25 19:26:15,-1.9417,-54.7383,86.34,54,100,1.97
432,Alyangula,AU,2022-01-25 19:26:16,-13.8483,136.4192,84.07,84,100,10.36
433,San Juan,AR,2022-01-25 19:26:16,-31.5375,-68.5364,95.94,32,2,11.79
434,Mangai,CD,2022-01-25 19:26:16,-4.05,19.5333,71.67,95,100,1.34
435,Oberstdorf,DE,2022-01-25 19:26:17,47.4,10.2833,34.61,88,3,1.01
436,Nishihara,JP,2022-01-25 19:26:17,26.1842,127.7558,61.88,80,40,0.0
437,Strezhevoy,RU,2022-01-25 19:26:17,60.7333,77.5889,-0.02,100,73,4.72
438,Miyako,JP,2022-01-25 19:26:17,39.6367,141.9525,31.95,73,59,4.43
439,Atasu,KZ,2022-01-25 19:26:18,48.6814,71.6433,-2.88,98,51,3.24
440,Denpasar,ID,2022-01-25 19:22:55,-8.65,115.2167,82.06,83,40,13.8
441,Hvide Sande,DK,2022-01-25 19:26:18,56.0045,8.1294,44.2,95,100,18.84
442,Kosh-Agach,RU,2022-01-25 19:26:18,50.0,88.6667,-25.28,97,98,3.2
443,Te Anau,NZ,2022-01-25 19:26:19,-45.4167,167.7167,48.65,86,27,1.7
444,Saint-Augustin,CA,2022-01-25 19:26:19,51.226,-58.6502,9.93,83,17,3.22
445,Port Blair,IN,2022-01-25 19:26:19,11.6667,92.75,78.84,73,20,4.61
446,Ambon,ID,2022-01-25 19:26:19,-3.6954,128.1814,75.34,100,20,4.61
447,Sistranda,NO,2022-01-25 19:26:20,63.7256,8.834,36.9,74,100,13.09
448,Gizo,SB,2022-01-25 19:26:20,-8.103,156.8419,82.45,77,100,4.45
449,Cockburn Town,TC,2022-01-25 19:26:20,21.4612,-71.1419,78.76,69,40,6.91
450,Qena,EG,2022-01-25 19:26:21,26.1615,32.7183,51.91,33,0,7.96
451,Labuhan,ID,2022-01-25 19:26:21,-6.8844,112.2051,78.75,88,100,12.62
452,Owando,CG,2022-01-25 19:26:21,-0.4819,15.8999,80.56,57,100,3.49
453,Tessalit,ML,2022-01-25 19:26:21,20.1986,1.0114,68.18,15,99,10.25
454,Lalibela,ET,2022-01-25 19:26:22,12.0333,39.0333,58.71,57,11,8.63
455,Algeciras,ES,2022-01-25 19:26:22,36.1333,-5.4505,58.77,72,75,31.07
456,Muros,ES,2022-01-25 19:26:22,42.7762,-9.0603,52.84,86,0,5.14
457,Joutseno,FI,2022-01-25 19:26:23,61.118,28.5076,19.45,91,43,5.97
458,High Level,CA,2022-01-25 19:26:23,58.5169,-117.136,36.54,85,100,11.99
459,Rantauprapat,ID,2022-01-25 19:27:23,2.1,99.8333,73.18,98,100,2.42
460,Nizhniy Odes,RU,2022-01-25 19:27:24,63.6445,54.856,18.7,94,100,10.31
461,Mayskiy,RU,2022-01-25 19:27:24,47.6931,40.1025,24.21,100,89,4.52
462,San Vicente,AR,2022-01-25 19:27:24,-26.6167,-54.1333,96.91,29,98,4.27
463,Guhagar,IN,2022-01-25 19:27:24,17.4842,73.1929,63.7,72,0,4.94
464,Mana,GF,2022-01-25 19:27:25,5.6592,-53.7767,79.81,78,71,10.67
465,Iskateley,RU,2022-01-25 19:27:25,67.6803,53.1512,23.32,96,100,11.03
466,Brindisi,IT,2022-01-25 19:27:25,40.5833,17.6667,44.96,61,18,11.52
467,Zuenoula,CI,2022-01-25 19:27:26,7.4292,-6.0431,81.5,16,1,3.02
468,Bontang,ID,2022-01-25 19:27:26,0.1333,117.5,77.31,86,100,1.7
469,Becerril,CO,2022-01-25 19:27:26,9.7041,-73.2793,98.62,30,100,1.9
470,Rumford,US,2022-01-25 19:27:26,44.5537,-70.5509,32.16,68,95,4.23
471,Khakhea,BW,2022-01-25 19:27:27,-24.6895,23.494,80.87,35,100,6.2
472,Myitkyina,MM,2022-01-25 19:27:27,25.3833,97.4,53.01,97,25,2.46
473,Portsmouth,GB,2022-01-25 19:27:27,50.799,-1.0913,38.5,91,100,4.0
474,Kalmunai,LK,2022-01-25 19:27:28,7.4167,81.8167,74.43,76,88,2.28
475,Hualmay,PE,2022-01-25 19:27:28,-11.0964,-77.6139,76.17,72,73,11.68
476,Vostok,RU,2022-01-25 19:27:28,46.4856,135.8833,-6.21,99,100,3.76
477,Port Macquarie,AU,2022-01-25 19:27:28,-31.4333,152.9167,68.9,76,100,1.28
478,Saint George,US,2022-01-25 19:26:09,37.1041,-113.5841,54.79,33,0,15.01
479,Metro,ID,2022-01-25 19:27:29,-5.1131,105.3067,74.61,94,100,7.58
480,Sault Sainte Marie,CA,2022-01-25 19:23:26,46.5168,-84.3333,10.96,60,0,4.61
481,Wanaka,NZ,2022-01-25 19:27:29,-44.7,169.15,58.1,71,0,1.01
482,Makushino,RU,2022-01-25 19:27:29,55.2103,67.2442,13.32,90,100,10.78
483,Bihariganj,IN,2022-01-25 19:27:30,25.7333,86.9833,60.82,75,23,7.07
484,Meulaboh,ID,2022-01-25 19:27:30,4.1363,96.1285,76.46,89,75,3.04
485,Sola,VU,2022-01-25 19:27:30,-13.8833,167.55,80.01,83,100,15.77
486,North Bend,US,2022-01-25 19:27:31,43.4065,-124.2243,58.06,50,0,0.0
487,Bethanien,NA,2022-01-25 19:27:31,-26.502,17.1583,87.58,22,0,15.03
488,Saint-Georges,GD,2022-01-25 19:27:31,12.0564,-61.7485,83.88,70,20,23.02
489,Mariental,NA,2022-01-25 19:27:31,-24.6333,17.9667,86.95,19,23,9.82
490,Upington,ZA,2022-01-25 19:27:32,-28.4478,21.2561,86.38,26,8,5.75
491,Tonantins,BR,2022-01-25 19:27:32,-2.8731,-67.8022,82.06,75,99,4.81
492,Shenzhen,CN,2022-01-25 19:27:32,22.5455,114.0683,67.06,94,99,4.25
493,Nemuro,JP,2022-01-25 19:27:32,43.3236,145.575,22.06,76,93,6.13
494,Ozernovskiy,RU,2022-01-25 19:27:33,51.5,156.5167,22.98,72,96,4.16
495,Gigmoto,PH,2022-01-25 19:27:33,13.7796,124.39,77.4,91,100,10.13
496,Lyuban,BY,2022-01-25 19:27:33,52.7985,28.0048,31.87,99,100,8.03
497,Raha,IN,2022-01-25 19:27:34,26.2333,92.5167,58.62,89,51,2.68
498,Ulladulla,AU,2022-01-25 19:27:34,-35.35,150.4667,65.3,92,15,2.68
499,Charters Towers,AU,2022-01-25 19:27:34,-20.1,146.2667,71.4,94,100,11.86
500,Caluquembe,AO,2022-01-25 19:27:35,-13.7833,14.6833,64.71,73,100,4.18
501,Sergeyevka,KZ,2022-01-25 19:27:35,53.88,67.4158,9.14,86,100,10.87
502,Manokwari,ID,2022-01-25 19:27:35,-0.8667,134.0833,79.03,80,100,0.81
503,Kargasok,RU,2022-01-25 19:27:35,59.0556,80.8572,-6.93,100,99,5.53
504,Vryburg,ZA,2022-01-25 19:27:36,-26.9566,24.7284,77.52,33,84,5.95
505,Resistencia,AR,2022-01-25 19:27:36,-27.4606,-58.9839,107.1,33,40,6.91
506,Sambava,MG,2022-01-25 19:28:36,-14.2667,50.1667,76.08,84,100,6.08
507,Mayumba,GA,2022-01-25 19:28:37,-3.432,10.6554,75.85,90,25,0.6
508,Alice Springs,AU,2022-01-25 19:28:37,-23.7,133.8833,78.35,73,72,8.05
509,Hovd,MN,2022-01-25 19:28:37,48.0056,91.6419,-9.38,81,96,4.45
510,Xining,CN,2022-01-25 19:28:37,36.6167,101.7667,19.42,78,99,1.16
511,Beroroha,MG,2022-01-25 19:28:38,-21.6667,45.1667,76.12,64,1,4.23
512,Eyl,SO,2022-01-25 19:28:38,7.9803,49.8164,73.47,63,0,16.98
513,Banepa,NP,2022-01-25 19:28:38,27.6298,85.5214,44.92,93,75,0.0
514,Morro Bay,US,2022-01-25 19:24:21,35.3658,-120.8499,67.37,46,0,1.99
515,Bereda,ES,2022-01-25 19:28:39,43.2686,-7.5406,46.15,91,0,2.84
516,Kuybysheve,UA,2022-01-25 19:28:39,47.358,36.6491,18.72,90,31,4.36
517,Markha,RU,2022-01-25 19:28:39,62.1053,129.7269,-29.24,75,0,4.47
518,Ngama,TD,2022-01-25 19:28:40,11.7833,17.1667,75.15,17,47,10.02
519,Thanh Hoa,VN,2022-01-25 19:28:40,19.8,105.7667,67.89,94,100,2.15
520,Ojinaga,MX,2022-01-25 19:28:40,29.5667,-104.4167,67.57,29,0,0.0
521,Manzanillo,CU,2022-01-25 19:28:41,20.3433,-77.1167,86.45,42,0,8.01
522,Anadyr,RU,2022-01-25 19:28:41,64.75,177.4833,-28.7,73,0,13.0
523,Biak,ID,2022-01-25 19:28:41,-0.9131,122.8766,77.0,82,75,3.04
524,Yeppoon,AU,2022-01-25 19:28:41,-23.1333,150.7333,73.18,78,98,4.27
525,Krasnyy Kholm,RU,2022-01-25 19:28:42,58.0607,37.1203,20.1,97,100,4.16
526,Roald,NO,2022-01-25 19:28:42,62.5833,6.1333,44.1,81,75,19.57
527,Kuytun,RU,2022-01-25 19:28:42,54.3419,101.5036,-14.57,100,100,2.95
528,Karabash,RU,2022-01-25 19:25:10,55.4808,60.2157,9.57,87,95,4.99
529,Labrea,BR,2022-01-25 19:28:43,-7.2586,-64.7981,92.08,48,95,3.2
530,Sorong,ID,2022-01-25 19:28:43,-0.8833,131.25,82.11,81,100,13.42
531,Tevaitoa,PF,2022-01-25 19:28:43,-16.7833,-151.5,80.76,77,100,15.88
532,Digha,IN,2022-01-25 19:28:44,21.6833,87.55,69.48,75,0,3.06
533,Mufulira,ZM,2022-01-25 19:28:44,-12.5498,28.2407,63.88,96,100,2.68
534,Nisia Floresta,BR,2022-01-25 19:28:44,-6.0911,-35.2086,88.61,60,100,12.01
535,Iquique,CL,2022-01-25 19:28:45,-20.2208,-70.1431,71.64,69,39,4.99
536,Fort Nelson,CA,2022-01-25 19:28:45,58.8053,-122.7002,18.99,86,75,3.44
537,Cap Malheureux,MU,2022-01-25 19:28:45,-19.9842,57.6142,77.49,70,66,1.99
538,Bull Savanna,JM,2022-01-25 19:28:46,17.8868,-77.5902,81.18,61,10,13.87
539,Santa Helena De Goias,BR,2022-01-25 19:28:46,-17.8136,-50.5969,84.18,62,100,4.99
540,Jizan,SA,2022-01-25 19:28:46,17.3333,42.6667,77.94,67,6,6.44
541,Nuristan,AF,2022-01-25 19:28:46,35.3,70.8333,-2.25,57,0,14.52
542,Cururupu,BR,2022-01-25 19:28:47,-1.8283,-44.8683,84.72,64,79,6.38
543,Riyadh,SA,2022-01-25 19:28:47,24.6877,46.7219,60.94,37,0,9.62
544,Havoysund,NO,2022-01-25 19:28:47,70.9963,24.6622,30.43,70,100,33.13
545,Luanda,AO,2022-01-25 19:28:13,-8.8368,13.2343,77.45,81,40,10.13
546,Adre,TD,2022-01-25 19:28:48,13.4667,22.2,72.95,18,37,7.36
547,Takoradi,GH,2022-01-25 19:28:48,4.8845,-1.7554,80.24,80,5,7.94
548,Goulburn,AU,2022-01-25 19:28:48,-34.75,149.7167,59.16,95,91,4.12
549,Gambela,ET,2022-01-25 19:28:49,8.25,34.5833,87.1,23,30,2.15
550,Parry Sound,CA,2022-01-25 19:28:49,45.3501,-80.033,10.22,66,7,7.16
551,San Jose,US,2022-01-25 19:27:04,37.3394,-121.895,62.06,70,20,0.0
552,Gamba,GA,2022-01-25 19:28:49,-2.65,10.0,75.85,89,100,3.8
553,Vao,NC,2022-01-25 19:29:50,-22.6667,167.4833,76.66,71,89,7.61
554,Kutum,SD,2022-01-25 19:25:09,14.2,24.6667,66.51,20,84,8.16
555,Carira,BR,2022-01-25 19:29:50,-10.3608,-37.7011,91.22,32,92,9.64
556,Makakilo City,US,2022-01-25 19:29:50,21.3469,-158.0858,75.61,64,0,5.75
557,Linxia,CN,2022-01-25 19:29:50,35.6003,103.2064,25.57,83,100,2.06
558,Half Moon Bay,US,2022-01-25 19:29:51,37.4636,-122.4286,62.11,82,0,3.0
559,Pierre,US,2022-01-25 19:29:51,44.3683,-100.351,16.86,43,0,1.01
560,Maldonado,UY,2022-01-25 19:29:51,-34.6667,-54.9167,85.39,61,100,0.96
561,Maragogi,BR,2022-01-25 19:29:52,-9.0122,-35.2225,82.99,68,36,9.84
562,Moussoro,TD,2022-01-25 19:29:52,13.6408,16.4901,70.84,15,8,12.44
563,Bainbridge,US,2022-01-25 19:29:52,47.6262,-122.5212,43.12,84,100,1.01
564,Rafai,CF,2022-01-25 19:29:53,4.95,23.9167,81.54,23,100,2.39
565,Nyurba,RU,2022-01-25 19:29:53,63.2842,118.3319,-25.58,100,100,4.25
566,Dunda,TZ,2022-01-25 19:29:53,-8.1167,34.25,64.81,93,100,3.15
567,Balyaga,RU,2022-01-25 19:29:53,51.1507,108.921,-9.38,100,98,1.77
568,Santiago De Cao,PE,2022-01-25 19:29:54,-7.9589,-79.2392,71.73,78,40,12.66
569,Dickinson,US,2022-01-25 19:29:54,29.4608,-95.0513,58.19,84,100,4.0
570,Zhenhai,CN,2022-01-25 19:29:54,24.2582,118.0905,60.08,86,29,14.03
571,Partizansk,RU,2022-01-25 19:29:54,43.1258,133.1339,17.11,82,100,1.9
572,Naryan-Mar,RU,2022-01-25 19:29:55,67.6713,53.087,23.49,96,100,11.05
573,Doka,SD,2022-01-25 19:29:55,13.5167,35.7667,81.66,30,12,15.5
574,Preobrazheniye,RU,2022-01-25 19:29:55,42.9019,133.9064,23.99,70,100,2.86
575,Lewisporte,CA,2022-01-25 19:29:56,49.2499,-55.0482,29.14,65,21,6.04
576,Trofors,NO,2022-01-25 19:29:56,65.5333,13.4063,34.95,95,98,8.5
577,Komsomolskiy,UZ,2022-01-25 19:29:56,40.4272,71.7189,31.42,80,75,6.91
